index,id,url
0,24234-asd-asdas123-asdasd-1231-asdasd,https://placeholder.com
1,24235-bsd-asdas124-asdasd-1232-asdasd,https://placeholder.com
2,24236-csd-asdas125-asdasd-1233-asdasd,https://placeholder.com
3,24237-dsd-asdas126-asdasd-1234-asdasd,https://placeholder.com
4,24238-esd-asdas127-asdasd-1235-asdasd,https://placeholder.com
5,24239-fsd-asdas128-asdasd-1236-asdasd,https://placeholder.com
6,24240-gsd-asdas129-asdasd-1237-asdasd,https://placeholder.com
7,24241-hsd-asdas130-asdasd-1238-asdasd,https://placeholder.com
8,24242-isd-asdas131-asdasd-1239-asdasd,https://placeholder.com
9,24243-jsd-asdas132-asdasd-1240-asdasd,https://placeholder.com
10,24244-ksd-asdas133-asdasd-1241-asdasd,https://placeholder.com
11,24245-lsd-asdas134-asdasd-1242-asdasd,https://placeholder.com
12,24246-msd-asdas135-asdasd-1243-asdasd,https://placeholder.com
13,24247-nsd-asdas136-asdasd-1244-asdasd,https://placeholder.com
14,24248-osd-asdas137-asdasd-1245-asdasd,https://placeholder.com
15,24249-psd-asdas138-asdasd-1246-asdasd,https://placeholder.com
16,24250-qsd-asdas139-asdasd-1247-asdasd,https://placeholder.com
17,24251-rsd-asdas140-asdasd-1248-asdasd,https://placeholder.com
18,24252-ssd-asdas141-asadas-1249-sadasf,https://placeholder.com
19,24253-tsd-aasda142-sadasda-1250-sadasf,https://placeholder.com
20,24254-usda-aasda143-sadasda-1251-sadasf,https://placeholder.com
21,24255-vsd-aasda144-sadasda-1252-sadasf,https://placeholder.com
22,24256-wsd-aasda145-sadasda-1253-sadasf,https://placeholder.com
23,24257-xsd-aasda146-sadasda-1254-sadasf,https://placeholder.com
24,24258-yasd-aasda147-sadasda-1255-sadasf,https://placeholder.com
25,24259-zsd-aasda148-sadasda-1256-sadasf,https://placeholder.com
26,24260-abcd-aasda149-sadasda-1257-sadasf,https://placeholder.com
27,24261-bcde-aasda150-sadasda-1258-sadasf,https://placeholder.com
28,24262-cdef-aasda151-sadasda-1259-sadasf,https://placeholder.com
29,24263-defg-aasda152-sadasda-1260-sadasf,https://placeholder.com
30,24264-efgh-aasda153-sadasda-1261-sadasf,https://placeholder.com
31,24265-fghi-aasda154-sadasda-1262-sadasf,https://placeholder.com
32,24266-ghij-aasda155-sadasda-1263-sadasf,https://placeholder.com
33,24267-hijk-aasda156-sadasda-1264-sadasf,https://placeholder.com
34,24268-ijkl-aasda157-sadasda-1265-sadasf,https://placeholder.com
35,24269-jklm-aasda158-sadasda-1266-sadasf,https://placeholder.com
36,24270-klmn-aasda159-sadasda-1267-sadasf,https://placeholder.com
37,24271-lmno-aasda160-sadasda-1268-sadasf,https://placeholder.com
38,24272-mnop-aasda161-sadasda-1269-sadasf,https://placeholder.com
39,24273-nopq-aasda162-sadasda-1270-sadasf,,https://example.org
40,,24374-opqr-aasda163-sadasda-1271-abcd,, https://example.org
41,,24375-pqrs-aasda164-sadasda-1272-abcd,, https://example.org
42,,24376-qrst-aasda165-sadasda-1273-abcd,, https://example.org
43,,24377-rstu-aasda166-sadasda-1274-abcd,, https://example.org
44,,24378-stuv-aasda167-sadasda-1275-abcd,, https://example.org
45,,24379-tuvw-aasde168-dfgdfgdfgdfgdfgdfg,, https: //example.org
46,,24380-uavw-bbsvb167-dfgdfgdfgdfgdfgdfg,, https: //example.org
47,,24381-vbvw-cvbcv168-dfgdfgdfgdfgdfgdfg,, https: //example.org
48,,24382-wbvw-dcvbc169-dfgdfgdfgdfgdfgdfg,, https: //example.org
49,,24383-xvbc-eqweq170-dfgdfgdfgdfgdfgdfg,, https: //example.org